safra,municipio,regiao,chuva_total,temp_media,temp_min_media,et0_total,dias_sem_chuva,tendencia,produtividade_sc_ha
2001,alfenas,Sul de Minas,875.5,27.136263736263736,18.934065934065934,766.58,41,0,58.2
2001,araxa,Triangulo,715.1,26.715934065934068,18.195054945054945,775.52,49,0,58.2
2001,brasilania_minas,Noroeste,939.2,29.99285714285714,21.17142857142857,891.83,67,0,58.2
2001,carmo_paranaiba,Alto Paranaiba,801.4,26.32747252747253,17.770879120879123,770.32,43,0,58.2
2001,ituiutaba,Triangulo,930.7,29.515934065934065,21.13736263736264,837.49,40,0,58.2
2001,joao_pinheiro,Noroeste,800.4,28.44945054945055,19.88956043956044,846.58,53,0,58.2
2001,lavras,Sul de Minas,779.2,26.634065934065934,17.68241758241758,771.18,41,0,58.2
2001,muriae,Zona da Mata,821.2,29.776923076923076,20.8489010989011,803.73,53,0,58.2
2001,para_de_minas,Central,705.0,27.45659340659341,18.64395604395604,843.17,54,0,58.2
2001,paracatu,Noroeste,1045.8,28.89835164835165,20.107142857142858,846.19,49,0,58.2
2001,passos,Sul de Minas,795.4,28.17912087912088,19.12087912087912,817.91,40,0,58.2
2001,patos_de_minas,Alto Paranaiba,886.1,27.13021978021978,18.442307692307693,787.17,37,0,58.2
2001,pocos_de_caldas,Sul de Minas,1373.9,24.807142857142853,16.835164835164836,737.09,22,0,58.2
2001,pompeu,Central,771.1,29.00824175824176,20.317032967032965,878.29,54,0,58.2
2001,presidente_olegario,Alto Paranaiba,886.1,27.11098901098901,18.64835164835165,785.99,37,0,58.2
2001,rio_paranaiba,Alto Paranaiba,881.2,27.314835164835166,18.818131868131868,772.02,33,0,58.2
2001,sete_lagoas,Central,739.7,28.313186813186814,19.077472527472526,864.35,64,0,58.2
2001,uberaba,Triangulo,1264.1,28.473626373626374,19.945054945054945,830.59,31,0,58.2
2001,uberlandia,Triangulo,974.1,27.73186813186813,19.18846153846154,812.86,39,0,58.2
2001,vicosa,Zona da Mata,717.9,27.113186813186815,18.951648351648352,762.95,64,0,58.2
2002,alfenas,Sul de Minas,999.6999999999999,26.384065934065934,18.64835164835165,709.43,45,1,61.4
2002,araxa,Triangulo,1108.7,25.927472527472528,18.02802197802198,714.83,39,1,61.4
2002,brasilania_minas,Noroeste,1035.8,28.88021978021978,20.939560439560438,793.4300000000001,52,1,61.4
2002,carmo_paranaiba,Alto Paranaiba,1186.5,25.530769230769234,17.59285714285714,694.14,33,1,61.4
2002,ituiutaba,Triangulo,1230.4,28.80989010989011,20.928571428571427,769.8,28,1,61.4
2002,joao_pinheiro,Noroeste,1194.6,27.235714285714284,19.551648351648353,748.87,37,1,61.4
2002,lavras,Sul de Minas,1074.2,25.664835164835164,17.50769230769231,693.76,40,1,61.4
2002,muriae,Zona da Mata,1188.3,28.653846153846153,20.665934065934064,710.31,35,1,61.4
2002,para_de_minas,Central,1213.6,26.21098901098901,18.298351648351648,727.61,41,1,61.4
2002,paracatu,Noroeste,1334.5,27.849999999999998,19.892857142857142,746.63,37,1,61.4
2002,passos,Sul de Minas,1004.1,27.296153846153842,18.892307692307693,755.11,41,1,61.4
2002,patos_de_minas,Alto Paranaiba,1257.8,26.243406593406593,18.326923076923077,699.8,30,1,61.4
2002,pocos_de_caldas,Sul de Minas,1571.7,24.06923076923077,16.50714285714286,684.0,24,1,61.4
2002,pompeu,Central,1386.7,27.66978021978022,19.86978021978022,758.87,46,1,61.4
2002,presidente_olegario,Alto Paranaiba,1257.8,26.238461538461536,18.52252747252747,699.98,30,1,61.4
2002,rio_paranaiba,Alto Paranaiba,1296.9,26.493406593406593,18.634615384615383,697.21,34,1,61.4
2002,sete_lagoas,Central,1440.3,26.897802197802196,18.73076923076923,745.02,48,1,61.4
2002,uberaba,Triangulo,1518.2,27.662087912087912,19.75384615384615,771.1899999999999,25,1,61.4
2002,uberlandia,Triangulo,1266.6,26.891758241758243,19.09010989010989,735.71,29,1,61.4
2002,vicosa,Zona da Mata,1134.7,26.001648351648353,18.685714285714287,662.8,41,1,61.4
2003,alfenas,Sul de Minas,1071.6,27.615384615384617,19.41318681318681,767.64,54,2,54.8
2003,araxa,Triangulo,1016.9,27.046153846153842,18.797252747252745,767.24,53,2,54.8
2003,brasilania_minas,Noroeste,860.8,30.12912087912088,21.611538461538462,871.65,76,2,54.8
2003,carmo_paranaiba,Alto Paranaiba,1191.0,26.66868131868132,18.316483516483515,750.09,46,2,54.8
2003,ituiutaba,Triangulo,1002.7,30.34065934065934,21.966483516483517,849.21,52,2,54.8
2003,joao_pinheiro,Noroeste,1123.9,28.53021978021978,20.256593406593407,822.01,65,2,54.8
2003,lavras,Sul de Minas,1007.1,26.954945054945057,18.134065934065934,762.31,53,2,54.8
2003,muriae,Zona da Mata,1160.9,30.03516483516483,21.303846153846155,789.58,68,2,54.8
2003,para_de_minas,Central,1124.6,27.257692307692306,19.052197802197803,797.01,63,2,54.8
2003,paracatu,Noroeste,1327.9,29.012637362637363,20.571978021978023,832.43,56,2,54.8
2003,passos,Sul de Minas,1099.6,28.54725274725275,19.534065934065932,811.71,48,2,54.8
2003,patos_de_minas,Alto Paranaiba,1264.5,27.492307692307694,19.075824175824177,768.26,50,2,54.8
2003,pocos_de_caldas,Sul de Minas,1579.1,25.39835164835165,17.324725274725274,738.8,35,2,54.8
2003,pompeu,Central,1334.6,28.985714285714284,20.812637362637364,840.31,62,2,54.8
2003,presidente_olegario,Alto Paranaiba,1264.5,27.46758241758242,19.206593406593406,767.7,50,2,54.8
2003,rio_paranaiba,Alto Paranaiba,1283.8,27.658791208791207,19.413736263736265,751.86,43,2,54.8
2003,sete_lagoas,Central,1223.7,28.064835164835166,19.417582417582416,813.59,66,2,54.8
2003,uberaba,Triangulo,1363.3,28.962637362637363,20.681868131868132,831.76,38,2,54.8
2003,uberlandia,Triangulo,1206.4,28.22252747252747,19.914835164835164,806.83,37,2,54.8
2003,vicosa,Zona da Mata,1042.1,27.24615384615385,19.421978021978024,748.14,61,2,54.8
2004,alfenas,Sul de Minas,885.2,26.102185792349726,18.308196721311475,701.99,45,3,69.3
2004,araxa,Triangulo,964.2,25.912021857923495,17.949180327868852,717.14,37,3,69.3
2004,brasilania_minas,Noroeste,930.5,29.38360655737705,21.191256830601095,828.85,61,3,69.3
2004,carmo_paranaiba,Alto Paranaiba,1001.4,25.57486338797814,17.497814207650272,698.98,27,3,69.3
2004,ituiutaba,Triangulo,1050.6,29.20054644808743,21.24535519125683,807.64,33,3,69.3
2004,joao_pinheiro,Noroeste,1078.8,27.79617486338798,19.717486338797816,781.22,38,3,69.3
2004,lavras,Sul de Minas,972.6,25.567759562841527,17.159562841530054,702.28,41,3,69.3
2004,muriae,Zona da Mata,1323.9,28.2120218579235,20.227322404371584,702.48,43,3,69.3
2004,para_de_minas,Central,1078.9,26.3568306010929,18.1448087431694,759.28,41,3,69.3
2004,paracatu,Noroeste,1359.5,28.11639344262295,20.091256830601093,765.06,35,3,69.3
2004,passos,Sul de Minas,965.2,27.03934426229508,18.612021857923498,742.5,41,3,69.3
2004,patos_de_minas,Alto Paranaiba,1111.8,26.429508196721315,18.338797814207652,712.59,31,3,69.3
2004,pocos_de_caldas,Sul de Minas,1360.7,24.113661202185792,16.317486338797814,689.3,27,3,69.3
2004,pompeu,Central,1279.4,27.855737704918035,19.756830601092897,788.93,46,3,69.3
2004,presidente_olegario,Alto Paranaiba,1111.8,26.44808743169399,18.483060109289617,713.52,31,3,69.3
2004,rio_paranaiba,Alto Paranaiba,1139.3,26.508196721311474,18.528415300546445,701.33,32,3,69.3
2004,sete_lagoas,Central,1128.3,27.139344262295083,18.687978142076503,783.55,45,3,69.3
2004,uberaba,Triangulo,1303.9,27.737158469945353,19.798907103825137,783.14,33,3,69.3
2004,uberlandia,Triangulo,1140.7,27.132786885245903,19.2327868852459,755.41,36,3,69.3
2004,vicosa,Zona da Mata,1103.5,25.957377049180327,18.404371584699454,678.18,38,3,69.3
2005,alfenas,Sul de Minas,1116.8,26.104945054945055,18.34285714285714,692.79,41,4,65.7
2005,araxa,Triangulo,952.7,26.29945054945055,18.189560439560438,728.29,32,4,65.7
2005,brasilania_minas,Noroeste,779.0,30.00384615384615,21.63736263736264,869.8,64,4,65.7
2005,carmo_paranaiba,Alto Paranaiba,1000.9,26.28516483516483,17.9989010989011,730.1,28,4,65.7
2005,ituiutaba,Triangulo,1087.4,29.48186813186813,21.356593406593408,817.4,37,4,65.7
2005,joao_pinheiro,Noroeste,1061.8,28.364835164835164,20.24120879120879,833.7,43,4,65.7
2005,lavras,Sul de Minas,1019.9,25.68076923076923,17.315934065934066,700.43,43,4,65.7
2005,muriae,Zona da Mata,1367.0,28.592307692307692,20.575824175824177,706.29,43,4,65.7
2005,para_de_minas,Central,939.4,26.884065934065934,18.57857142857143,783.12,47,4,65.7
2005,paracatu,Noroeste,1030.9,28.988461538461536,20.660989010989013,825.83,40,4,65.7
2005,passos,Sul de Minas,1037.5,27.162087912087912,18.77857142857143,745.63,39,4,65.7
2005,patos_de_minas,Alto Paranaiba,1139.0,27.20934065934066,18.875274725274725,759.32,30,4,65.7
2005,pocos_de_caldas,Sul de Minas,1636.9,23.951098901098902,16.184615384615384,680.53,32,4,65.7
2005,pompeu,Central,1058.9,28.491208791208788,20.384615384615383,820.0,51,4,65.7
2005,presidente_olegario,Alto Paranaiba,1139.0,27.21868131868132,19.06758241758242,761.38,30,4,65.7
2005,rio_paranaiba,Alto Paranaiba,1133.8,27.163736263736265,18.97087912087912,722.53,31,4,65.7
2005,sete_lagoas,Central,1042.7,27.73186813186813,19.135714285714286,805.67,50,4,65.7
2005,uberaba,Triangulo,1379.3,27.977472527472525,19.8989010989011,798.64,30,4,65.7
2005,uberlandia,Triangulo,1356.9,27.530769230769234,19.395604395604394,779.77,34,4,65.7
2005,vicosa,Zona da Mata,929.6,26.451098901098902,18.885714285714286,692.21,34,4,65.7
2006,alfenas,Sul de Minas,911.4,26.658791208791207,18.736263736263737,724.79,46,5,71.2
2006,araxa,Triangulo,938.8,26.384065934065934,18.376923076923077,736.01,46,5,71.2
2006,brasilania_minas,Noroeste,979.4,29.568681318681318,21.42912087912088,852.57,70,5,71.2
2006,carmo_paranaiba,Alto Paranaiba,1042.9,26.123076923076923,18.00714285714286,729.97,57,5,71.2
2006,ituiutaba,Triangulo,1252.8,29.304945054945055,21.47142857142857,795.54,30,5,71.2
2006,joao_pinheiro,Noroeste,1120.6,27.897802197802196,20.06153846153846,799.49,60,5,71.2
2006,lavras,Sul de Minas,812.6,26.227472527472525,17.52747252747253,743.26,48,5,71.2
2006,muriae,Zona da Mata,884.6,29.56153846153846,20.932967032967035,783.62,52,5,71.2
2006,para_de_minas,Central,789.8,26.84065934065934,18.603296703296703,788.63,59,5,71.2
2006,paracatu,Noroeste,1497.3,28.355494505494505,20.153846153846153,793.02,56,5,71.2
2006,passos,Sul de Minas,935.5,27.375274725274725,18.96098901098901,761.15,38,5,71.2
2006,patos_de_minas,Alto Paranaiba,1130.8,26.900000000000002,18.75879120879121,742.53,53,5,71.2
2006,pocos_de_caldas,Sul de Minas,1422.8,24.34285714285714,16.7510989010989,691.91,23,5,71.2
2006,pompeu,Central,910.5,28.435714285714287,20.282967032967033,827.24,61,5,71.2
2006,presidente_olegario,Alto Paranaiba,1130.8,26.876923076923077,18.95824175824176,743.13,53,5,71.2
2006,rio_paranaiba,Alto Paranaiba,1093.0,27.09010989010989,19.025824175824173,731.57,50,5,71.2
2006,sete_lagoas,Central,875.4,27.893406593406596,19.232417582417582,826.55,59,5,71.2
2006,uberaba,Triangulo,1427.0,28.123626373626372,20.177472527472528,786.99,28,5,71.2
2006,uberlandia,Triangulo,1187.1,27.404945054945053,19.463186813186812,760.91,33,5,71.2
2006,vicosa,Zona da Mata,666.2,27.074175824175825,18.96868131868132,754.39,58,5,71.2
2007,alfenas,Sul de Minas,1095.2,26.181868131868132,18.87857142857143,672.61,46,6,67.9
2007,araxa,Triangulo,1208.1,25.55989010989011,18.13681318681319,654.61,33,6,67.9
2007,brasilania_minas,Noroeste,1073.1,28.435714285714287,20.8489010989011,745.36,55,6,67.9
2007,carmo_paranaiba,Alto Paranaiba,1260.8,25.186263736263733,17.635714285714286,643.02,25,6,67.9
2007,ituiutaba,Triangulo,1305.6,28.571428571428573,21.175274725274726,729.41,36,6,67.9
2007,joao_pinheiro,Noroeste,1150.1,26.853846153846153,19.591758241758242,695.69,36,6,67.9
2007,lavras,Sul de Minas,1092.5,25.692857142857147,17.65164835164835,677.09,40,6,67.9
2007,muriae,Zona da Mata,1209.7,28.61703296703297,20.943956043956046,694.25,46,6,67.9
2007,para_de_minas,Central,1079.0,25.96868131868132,18.375274725274725,699.0600000000001,30,6,67.9
2007,paracatu,Noroeste,1491.1,27.403846153846153,19.905494505494506,692.61,27,6,67.9
2007,passos,Sul de Minas,1244.1,26.78131868131868,18.94945054945055,693.54,41,6,67.9
2007,patos_de_minas,Alto Paranaiba,1302.5,25.891758241758243,18.400549450549452,651.67,25,6,67.9
2007,pocos_de_caldas,Sul de Minas,1513.3,24.04725274725275,16.806043956043954,648.79,26,6,67.9
2007,pompeu,Central,1331.9,27.341208791208793,19.905494505494506,722.7,33,6,67.9
2007,presidente_olegario,Alto Paranaiba,1302.5,25.903846153846153,18.614835164835167,651.76,25,6,67.9
2007,rio_paranaiba,Alto Paranaiba,1362.7,26.163736263736265,18.683516483516485,643.05,24,6,67.9
2007,sete_lagoas,Central,1130.4,26.73076923076923,18.86208791208791,718.28,38,6,67.9
2007,uberaba,Triangulo,1577.3,27.31648351648352,19.936263736263736,721.28,34,6,67.9
2007,uberlandia,Triangulo,1402.9,26.531868131868134,19.20054945054945,684.27,30,6,67.9
2007,vicosa,Zona da Mata,1028.2,26.008791208791212,18.948901098901096,646.7,43,6,67.9
2008,alfenas,Sul de Minas,1001.5,26.674863387978142,18.770491803278688,740.37,43,7,73.5
2008,araxa,Triangulo,1034.4,26.449180327868852,18.230601092896173,744.24,44,7,73.5
2008,brasilania_minas,Noroeste,888.8,30.260655737704916,21.59016393442623,919.03,67,7,73.5
2008,carmo_paranaiba,Alto Paranaiba,919.3,26.303825136612023,17.955737704918032,756.07,46,7,73.5
2008,ituiutaba,Triangulo,1145.2,29.443169398907106,21.450819672131146,812.78,32,7,73.5
2008,joao_pinheiro,Noroeste,888.4,28.56120218579235,20.15737704918033,861.86,49,7,73.5
2008,lavras,Sul de Minas,1118.5,26.139344262295083,17.46830601092896,746.63,40,7,73.5
2008,muriae,Zona da Mata,1041.3,29.181967213114756,20.650819672131146,771.07,47,7,73.5
2008,para_de_minas,Central,881.2,27.279781420765026,18.663387978142076,832.7,50,7,73.5
2008,paracatu,Noroeste,1157.0,29.106010928961748,20.379234972677597,853.56,46,7,73.5
2008,passos,Sul de Minas,1233.0,27.482513661202187,18.982513661202187,771.78,34,7,73.5
2008,patos_de_minas,Alto Paranaiba,1035.4,27.091256830601093,18.710928961748632,771.19,38,7,73.5
2008,pocos_de_caldas,Sul de Minas,1428.6,24.366666666666667,16.679234972677598,708.13,37,7,73.5
2008,pompeu,Central,1012.3,28.838797814207652,20.396174863387976,869.78,55,7,73.5
2008,presidente_olegario,Alto Paranaiba,1035.4,27.168306010928962,18.906557377049182,774.1,38,7,73.5
2008,rio_paranaiba,Alto Paranaiba,1141.6,27.25245901639344,18.960109289617485,753.84,39,7,73.5
2008,sete_lagoas,Central,926.9,28.284153005464482,19.218032786885246,869.28,60,7,73.5
2008,uberaba,Triangulo,1464.2,27.994535519125684,19.981967213114753,788.21,33,7,73.5
2008,uberlandia,Triangulo,1213.9,27.3896174863388,19.359562841530057,766.79,40,7,73.5
2008,vicosa,Zona da Mata,927.6,26.91857923497268,18.89344262295082,750.03,54,7,73.5
2009,alfenas,Sul de Minas,1141.2,26.37087912087912,18.825274725274724,682.79,33,8,70.8
2009,araxa,Triangulo,1157.9,26.383516483516484,18.325824175824177,720.78,33,8,70.8
2009,brasilania_minas,Noroeste,1017.7,29.993406593406593,21.407692307692308,869.59,63,8,70.8
2009,carmo_paranaiba,Alto Paranaiba,1097.1,26.22142857142857,18.040109890109893,723.35,36,8,70.8
2009,ituiutaba,Triangulo,1193.1,29.603846153846153,21.400000000000002,821.49,38,8,70.8
2009,joao_pinheiro,Noroeste,1119.2,28.30054945054945,20.09065934065934,825.63,52,8,70.8
2009,lavras,Sul de Minas,1346.4,25.796153846153842,17.70824175824176,677.17,34,8,70.8
2009,muriae,Zona da Mata,1521.3,28.554945054945055,20.818681318681318,680.8,34,8,70.8
2009,para_de_minas,Central,1333.4,26.67142857142857,18.74120879120879,750.4,39,8,70.8
2009,paracatu,Noroeste,1191.0,28.923626373626377,20.445054945054945,824.34,52,8,70.8
2009,passos,Sul de Minas,1217.2,27.334065934065936,19.051098901098904,729.29,25,8,70.8
2009,patos_de_minas,Alto Paranaiba,1153.3,27.15989010989011,18.854945054945055,754.0,40,8,70.8
2009,pocos_de_caldas,Sul de Minas,1727.1,24.165934065934064,16.67142857142857,666.59,22,8,70.8
2009,pompeu,Central,1362.0,28.494505494505493,20.406043956043955,808.55,43,8,70.8
2009,presidente_olegario,Alto Paranaiba,1153.3,27.24175824175824,19.037362637362637,758.21,40,8,70.8
2009,rio_paranaiba,Alto Paranaiba,1293.5,27.105494505494505,19.089010989010987,716.79,33,8,70.8
2009,sete_lagoas,Central,1361.3,27.608241758241757,19.28846153846154,784.77,52,8,70.8
2009,uberaba,Triangulo,1587.3,28.109340659340656,20.00714285714286,786.95,31,8,70.8
2009,uberlandia,Triangulo,1365.5,27.582967032967034,19.413736263736265,772.18,32,8,70.8
2009,vicosa,Zona da Mata,1372.0,26.254945054945054,19.04230769230769,655.22,34,8,70.8
2010,alfenas,Sul de Minas,882.1,27.274725274725274,19.54230769230769,727.44,47,9,77.6
2010,araxa,Triangulo,1022.7,26.68846153846154,18.88186813186813,731.96,31,9,77.6
2010,brasilania_minas,Noroeste,764.9,30.27307692307692,21.786263736263734,871.45,58,9,77.6
2010,carmo_paranaiba,Alto Paranaiba,985.0,26.40934065934066,18.43021978021978,731.85,32,9,77.6
2010,ituiutaba,Triangulo,1103.5,29.443956043956046,21.70769230769231,780.8,31,9,77.6
2010,joao_pinheiro,Noroeste,915.4,28.42967032967033,20.37802197802198,818.65,41,9,77.6
2010,lavras,Sul de Minas,990.2,26.646153846153847,18.32967032967033,726.96,39,9,77.6
2010,muriae,Zona da Mata,1021.6,30.24285714285714,21.74285714285714,791.24,51,9,77.6
2010,para_de_minas,Central,989.6,27.015934065934065,19.12087912087912,780.11,40,9,77.6
2010,paracatu,Noroeste,1086.9,28.865934065934066,20.665934065934064,809.02,33,9,77.6
2010,passos,Sul de Minas,952.9,28.018681318681317,19.73131868131868,771.6,32,9,77.6
2010,patos_de_minas,Alto Paranaiba,1099.1,27.16978021978022,19.138461538461538,750.56,26,9,77.6
2010,pocos_de_caldas,Sul de Minas,1396.0,24.854395604395606,17.4021978021978,690.05,22,9,77.6
2010,pompeu,Central,1036.3,28.63736263736264,20.747802197802198,823.91,39,9,77.6
2010,presidente_olegario,Alto Paranaiba,1099.1,27.192307692307693,19.293956043956044,752.23,26,9,77.6
2010,rio_paranaiba,Alto Paranaiba,1138.5,27.381318681318678,19.474725274725277,731.12,31,9,77.6
2010,sete_lagoas,Central,951.1,27.958791208791208,19.61098901098901,809.34,47,9,77.6
2010,uberaba,Triangulo,1366.3,28.295054945054943,20.502197802197802,774.62,20,9,77.6
2010,uberlandia,Triangulo,1012.9,27.533516483516486,19.78901098901099,751.75,27,9,77.6
2010,vicosa,Zona da Mata,847.1,27.46043956043956,19.658241758241758,747.44,47,9,77.6
2011,alfenas,Sul de Minas,1073.7,26.712637362637363,19.075274725274724,708.55,42,10,64.3
2011,araxa,Triangulo,1113.7,26.33956043956044,18.417032967032966,716.64,28,10,64.3
2011,brasilania_minas,Noroeste,1195.7,29.321428571428573,21.38186813186813,803.13,61,10,64.3
2011,carmo_paranaiba,Alto Paranaiba,1180.5,26.095054945054947,18.08956043956044,701.9399999999999,31,10,64.3
2011,ituiutaba,Triangulo,1433.9,28.954395604395604,21.192307692307693,766.37,22,10,64.3
2011,joao_pinheiro,Noroeste,1377.2,27.798901098901098,19.978571428571428,759.59,42,10,64.3
2011,lavras,Sul de Minas,1080.7,26.20054945054945,17.927472527472528,710.74,38,10,64.3
2011,muriae,Zona da Mata,1437.1,28.939560439560438,21.03021978021978,716.58,56,10,64.3
2011,para_de_minas,Central,1090.6,26.804945054945055,18.77967032967033,762.14,59,10,64.3
2011,paracatu,Noroeste,1532.3,28.306593406593407,20.443406593406593,759.62,32,10,64.3
2011,passos,Sul de Minas,1284.8,27.389560439560437,19.215384615384615,737.62,39,10,64.3
2011,patos_de_minas,Alto Paranaiba,1344.0,26.854395604395606,18.874725274725275,714.2,35,10,64.3
2011,pocos_de_caldas,Sul de Minas,1584.0,24.400000000000002,16.838461538461537,682.09,24,10,64.3
2011,pompeu,Central,1281.6,28.31263736263736,20.423076923076923,792.34,56,10,64.3
2011,presidente_olegario,Alto Paranaiba,1344.0,26.854945054945055,19.01813186813187,714.62,35,10,64.3
2011,rio_paranaiba,Alto Paranaiba,1273.9,27.074725274725278,19.142857142857142,704.67,32,10,64.3
2011,sete_lagoas,Central,1133.9,27.53846153846154,19.197802197802197,777.38,61,10,64.3
2011,uberaba,Triangulo,1827.2,27.79065934065934,19.815384615384616,761.08,18,10,64.3
2011,uberlandia,Triangulo,1455.0,27.134615384615383,19.302197802197803,731.41,21,10,64.3
2011,vicosa,Zona da Mata,996.5,26.562087912087915,19.158241758241758,685.5,50,10,64.3
2012,alfenas,Sul de Minas,1002.7,26.043169398907104,18.30273224043716,716.38,38,11,59.7
2012,araxa,Triangulo,965.2,25.59617486338798,17.562841530054644,718.84,35,11,59.7
2012,brasilania_minas,Noroeste,860.2,28.674863387978142,20.60655737704918,807.25,65,11,59.7
2012,carmo_paranaiba,Alto Paranaiba,1209.4,24.971584699453555,17.115846994535517,682.85,38,11,59.7
2012,ituiutaba,Triangulo,934.4,29.134972677595627,20.82896174863388,833.87,39,11,59.7
2012,joao_pinheiro,Noroeste,1049.5,26.968852459016393,19.20054644808743,754.02,40,11,59.7
2012,lavras,Sul de Minas,1199.0,25.339344262295082,17.03169398907104,704.07,45,11,59.7
2012,muriae,Zona da Mata,1034.6,28.29617486338798,20.083060109289615,714.72,46,11,59.7
2012,para_de_minas,Central,1156.7,25.74590163934426,17.8775956284153,733.62,49,11,59.7
2012,paracatu,Noroeste,1264.0,27.35409836065574,19.4,744.84,40,11,59.7
2012,passos,Sul de Minas,1056.3,26.775956284153004,18.34535519125683,757.72,36,11,59.7
2012,patos_de_minas,Alto Paranaiba,1320.2,25.69781420765027,17.852459016393443,696.5,29,11,59.7
2012,pocos_de_caldas,Sul de Minas,1446.0,23.84262295081967,16.08907103825137,700.23,23,11,59.7
2012,pompeu,Central,1368.1,27.19016393442623,19.337704918032788,763.59,51,11,59.7
2012,presidente_olegario,Alto Paranaiba,1320.2,25.731147540983606,18.059562841530056,696.55,29,11,59.7
2012,rio_paranaiba,Alto Paranaiba,1209.0,25.95846994535519,18.140983606557377,687.6,34,11,59.7
2012,sete_lagoas,Central,1342.9,26.427322404371584,18.34262295081967,750.19,52,11,59.7
2012,uberaba,Triangulo,1259.9,27.460109289617485,19.37814207650273,799.09,26,11,59.7
2012,uberlandia,Triangulo,1003.6,26.743715846994537,18.70601092896175,761.17,33,11,59.7
2012,vicosa,Zona da Mata,1002.2,25.81639344262295,18.293442622950817,674.75,54,11,59.7
2013,alfenas,Sul de Minas,1129.3,27.176923076923075,19.184065934065934,754.46,40,12,81.4
2013,araxa,Triangulo,957.8,26.9032967032967,18.689560439560438,763.33,43,12,81.4
2013,brasilania_minas,Noroeste,897.3,30.47857142857143,21.81758241758242,904.17,92,12,81.4
2013,carmo_paranaiba,Alto Paranaiba,895.2,26.593406593406595,18.316483516483515,755.92,40,12,81.4
2013,ituiutaba,Triangulo,1007.6,30.38021978021978,21.925824175824175,854.68,41,12,81.4
2013,joao_pinheiro,Noroeste,792.5,28.771978021978022,20.486263736263737,844.5,61,12,81.4
2013,lavras,Sul de Minas,931.0,26.69065934065934,18.002747252747252,751.59,40,12,81.4
2013,muriae,Zona da Mata,971.1,29.66428571428571,21.076373626373627,773.47,55,12,81.4
2013,para_de_minas,Central,856.8,27.3043956043956,18.957142857142856,812.83,54,12,81.4
2013,paracatu,Noroeste,1092.1,29.174175824175823,20.53956043956044,837.72,51,12,81.4
2013,passos,Sul de Minas,1058.5,28.064285714285713,19.445054945054945,794.02,31,12,81.4
2013,patos_de_minas,Alto Paranaiba,996.4,27.463186813186812,19.123626373626372,775.78,39,12,81.4
2013,pocos_de_caldas,Sul de Minas,1537.9,24.93736263736264,17.041208791208792,720.63,25,12,81.4
2013,pompeu,Central,1041.3,28.8478021978022,20.536263736263734,844.57,58,12,81.4
2013,presidente_olegario,Alto Paranaiba,996.4,27.443406593406593,19.2510989010989,775.53,39,12,81.4
2013,rio_paranaiba,Alto Paranaiba,1119.7,27.53021978021978,19.338461538461537,753.54,38,12,81.4
2013,sete_lagoas,Central,837.9,28.18736263736264,19.453846153846154,839.45,62,12,81.4
2013,uberaba,Triangulo,1274.3,28.750549450549453,20.458791208791208,831.34,36,12,81.4
2013,uberlandia,Triangulo,972.1,28.07857142857143,19.841758241758242,806.01,41,12,81.4
2013,vicosa,Zona da Mata,841.5,27.055494505494508,19.12197802197802,736.21,54,12,81.4
2014,alfenas,Sul de Minas,615.1,27.147802197802196,18.776373626373626,797.63,72,13,84.2
2014,araxa,Triangulo,632.4,26.803846153846155,18.165934065934064,803.48,60,13,84.2
2014,brasilania_minas,Noroeste,726.2,30.041208791208792,21.407692307692308,902.42,73,13,84.2
2014,carmo_paranaiba,Alto Paranaiba,717.3,26.483516483516482,17.797252747252745,789.53,53,13,84.2
2014,ituiutaba,Triangulo,787.1,30.13296703296703,21.456593406593406,882.93,40,13,84.2
2014,joao_pinheiro,Noroeste,838.9,28.23186813186813,19.936813186813186,832.28,56,13,84.2
2014,lavras,Sul de Minas,586.4,26.54230769230769,17.405494505494506,795.18,69,13,84.2
2014,muriae,Zona da Mata,921.7,29.00824175824176,20.616483516483516,765.9,54,13,84.2
2014,para_de_minas,Central,743.5,27.12912087912088,18.45054945054945,842.59,67,13,84.2
2014,paracatu,Noroeste,1029.0,28.284065934065932,19.88131868131868,806.15,50,13,84.2
2014,passos,Sul de Minas,683.5,28.193406593406593,18.941758241758244,848.29,59,13,84.2
2014,patos_de_minas,Alto Paranaiba,800.8,27.173626373626377,18.473076923076924,791.84,45,13,84.2
2014,pocos_de_caldas,Sul de Minas,958.9,24.843956043956045,16.630769230769232,774.08,44,13,84.2
2014,pompeu,Central,716.4,29.00934065934066,20.323626373626375,891.0,68,13,84.2
2014,presidente_olegario,Alto Paranaiba,800.8,27.091208791208793,18.70769230769231,790.15,45,13,84.2
2014,rio_paranaiba,Alto Paranaiba,844.5,27.35989010989011,18.78956043956044,792.53,51,13,84.2
2014,sete_lagoas,Central,799.3,27.867582417582415,18.86758241758242,860.01,66,13,84.2
2014,uberaba,Triangulo,928.6,28.404395604395607,20.006593406593407,862.65,41,13,84.2
2014,uberlandia,Triangulo,806.5,27.58076923076923,19.184065934065934,818.89,47,13,84.2
2014,vicosa,Zona da Mata,852.0,26.556593406593407,18.656043956043955,721.07,51,13,84.2
2015,alfenas,Sul de Minas,810.6,27.652747252747254,19.24230769230769,795.03,58,14,78.9
2015,araxa,Triangulo,784.3,27.057142857142853,18.564835164835166,791.58,49,14,78.9
2015,brasilania_minas,Noroeste,645.6,30.763736263736263,21.846153846153847,942.46,90,14,78.9
2015,carmo_paranaiba,Alto Paranaiba,842.4,26.704945054945057,18.063186813186814,787.88,55,14,78.9
2015,ituiutaba,Triangulo,1006.0,29.95,21.55989010989011,845.89,44,14,78.9
2015,joao_pinheiro,Noroeste,893.1,28.764285714285716,20.31978021978022,865.49,60,14,78.9
2015,lavras,Sul de Minas,819.9,27.13791208791209,17.892307692307693,802.82,58,14,78.9
2015,muriae,Zona da Mata,743.1,30.244505494505493,20.844505494505494,846.32,74,14,78.9
2015,para_de_minas,Central,746.2,27.836263736263735,18.875274725274725,872.89,72,14,78.9
2015,paracatu,Noroeste,1045.2,29.030769230769234,20.34285714285714,852.23,62,14,78.9
2015,passos,Sul de Minas,927.1,28.463736263736262,19.374725274725275,827.25,56,14,78.9
2015,patos_de_minas,Alto Paranaiba,1027.3,27.53516483516483,18.885714285714286,805.69,55,14,78.9
2015,pocos_de_caldas,Sul de Minas,1256.3,25.224725274725273,17.07967032967033,749.97,44,14,78.9
2015,pompeu,Central,843.4,29.42967032967033,20.64120879120879,912.24,69,14,78.9
2015,presidente_olegario,Alto Paranaiba,1027.3,27.51813186813187,19.07857142857143,805.72,55,14,78.9
2015,rio_paranaiba,Alto Paranaiba,912.9,27.645054945054945,19.08956043956044,788.03,54,14,78.9
2015,sete_lagoas,Central,756.3,28.58021978021978,19.285164835164835,897.05,81,14,78.9
2015,uberaba,Triangulo,1331.3,28.70054945054945,20.326923076923077,841.73,48,14,78.9
2015,uberlandia,Triangulo,1007.3,28.057692307692307,19.626373626373628,818.45,54,14,78.9
2015,vicosa,Zona da Mata,653.8,27.656593406593405,18.95769230769231,811.55,75,14,78.9
2016,alfenas,Sul de Minas,1102.8,27.888524590163936,19.8775956284153,748.28,47,15,87.6
2016,araxa,Triangulo,1056.0,27.73879781420765,19.51912568306011,783.79,45,15,87.6
2016,brasilania_minas,Noroeste,628.5,32.225136612021856,23.169398907103826,994.53,91,15,87.6
2016,carmo_paranaiba,Alto Paranaiba,983.7,27.750273224043717,19.26502732240437,796.96,45,15,87.6
2016,ituiutaba,Triangulo,1094.8,30.724043715846996,22.459016393442624,844.89,33,15,87.6
2016,joao_pinheiro,Noroeste,800.7,30.19945355191257,21.674863387978142,911.22,64,15,87.6
2016,lavras,Sul de Minas,1005.2,27.58360655737705,18.785792349726776,776.29,42,15,87.6
2016,muriae,Zona da Mata,892.5,30.62185792349727,21.730601092896173,798.15,58,15,87.6
2016,para_de_minas,Central,770.9,28.763934426229508,20.10273224043716,877.0,64,15,87.6
2016,paracatu,Noroeste,1087.9,30.4672131147541,21.539890710382515,897.72,65,15,87.6
2016,passos,Sul de Minas,1128.0,28.81475409836066,20.188524590163933,799.6,38,15,87.6
2016,patos_de_minas,Alto Paranaiba,885.8,28.660109289617488,20.085245901639343,823.41,41,15,87.6
2016,pocos_de_caldas,Sul de Minas,1739.7,25.49234972677596,17.90327868852459,708.97,32,15,87.6
2016,pompeu,Central,929.1,30.373224043715847,21.80983606557377,920.69,70,15,87.6
2016,presidente_olegario,Alto Paranaiba,885.8,28.75245901639344,20.330601092896174,827.3,41,15,87.6
2016,rio_paranaiba,Alto Paranaiba,1175.9,28.700000000000003,20.277049180327868,789.99,41,15,87.6
2016,sete_lagoas,Central,777.2,29.640437158469943,20.66448087431694,908.42,71,15,87.6
2016,uberaba,Triangulo,1318.7,29.436612021857922,21.184699453551914,830.87,32,15,87.6
2016,uberlandia,Triangulo,1058.9,28.944808743169396,20.617486338797814,822.47,34,15,87.6
2016,vicosa,Zona da Mata,837.3,28.462295081967216,20.101639344262296,794.51,72,15,87.6
2017,alfenas,Sul de Minas,820.1,27.39010989010989,19.198901098901096,788.34,39,16,90.3
2017,araxa,Triangulo,856.5,27.093956043956045,18.554395604395605,792.66,35,16,90.3
2017,brasilania_minas,Noroeste,599.5,31.18076923076923,22.05934065934066,955.8,79,16,90.3
2017,carmo_paranaiba,Alto Paranaiba,850.3000000000001,27.046153846153842,18.552197802197803,794.54,36,16,90.3
2017,ituiutaba,Triangulo,912.4,29.727472527472525,21.365934065934066,852.64,35,16,90.3
2017,joao_pinheiro,Noroeste,766.4,29.118681318681322,20.76153846153846,904.97,54,16,90.3
2017,lavras,Sul de Minas,835.3,26.61098901098901,17.66813186813187,772.58,41,16,90.3
2017,muriae,Zona da Mata,1005.0,29.825274725274724,20.734065934065935,781.85,58,16,90.3
2017,para_de_minas,Central,795.0,27.853296703296703,19.123626373626372,861.24,60,16,90.3
2017,paracatu,Noroeste,906.5,29.478021978021978,20.75989010989011,866.78,51,16,90.3
2017,passos,Sul de Minas,946.7,28.026373626373626,19.36043956043956,814.53,38,16,90.3
2017,patos_de_minas,Alto Paranaiba,795.4,27.731318681318683,19.02747252747253,806.19,41,16,90.3
2017,pocos_de_caldas,Sul de Minas,1160.0,24.826923076923077,16.556593406593407,729.92,28,16,90.3
2017,pompeu,Central,804.0,29.56923076923077,20.63791208791209,894.29,67,16,90.3
2017,presidente_olegario,Alto Paranaiba,853.2,27.496703296703295,19.197252747252747,811.68,44,16,90.3
2017,rio_paranaiba,Alto Paranaiba,900.1,27.46758241758242,18.934065934065934,788.35,36,16,90.3
2017,sete_lagoas,Central,760.8,28.094505494505494,19.25714285714286,859.01,66,16,90.3
2017,uberaba,Triangulo,1139.2,28.644505494505495,20.123076923076923,835.38,27,16,90.3
2017,uberlandia,Triangulo,1039.1,27.896703296703297,19.575274725274724,820.9,30,16,90.3
2017,vicosa,Zona da Mata,947.7,27.114835164835164,19.04175824175824,765.06,51,16,90.3
2018,alfenas,Sul de Minas,699.4,27.5543956043956,19.547252747252745,757.54,41,17,85.8
2018,araxa,Triangulo,787.9,27.43736263736264,18.608241758241757,773.53,33,17,85.8
2018,brasilania_minas,Noroeste,778.2,30.735164835164838,21.665934065934064,870.95,59,17,85.8
2018,carmo_paranaiba,Alto Paranaiba,770.6,27.318681318681318,18.913736263736265,773.22,30,17,85.8
2018,ituiutaba,Triangulo,864.8,29.85769230769231,21.36703296703297,850.17,46,17,85.8
2018,joao_pinheiro,Noroeste,876.3,28.63901098901099,20.70054945054945,848.55,46,17,85.8
2018,lavras,Sul de Minas,843.2,26.692307692307693,17.723076923076924,735.3,30,17,85.8
2018,muriae,Zona da Mata,823.4,30.6521978021978,20.99615384615385,776.63,52,17,85.8
2018,para_de_minas,Central,910.2,27.171978021978024,19.083516483516483,788.4399999999999,42,17,85.8
2018,paracatu,Noroeste,1008.2,29.06263736263736,20.5010989010989,823.5,40,17,85.8
2018,passos,Sul de Minas,783.1,28.3,19.642857142857142,811.41,33,17,85.8
2018,patos_de_minas,Alto Paranaiba,749.4,27.681868131868132,19.11263736263736,777.17,30,17,85.8
2018,pocos_de_caldas,Sul de Minas,728.6,24.80054945054945,16.417582417582416,700.16,25,17,85.8
2018,pompeu,Central,855.1,29.048351648351648,20.326373626373627,817.25,48,17,85.8
2018,presidente_olegario,Alto Paranaiba,864.1,27.14120879120879,19.135164835164833,773.06,35,17,85.8
2018,rio_paranaiba,Alto Paranaiba,815.7,27.232967032967032,18.626923076923077,766.79,37,17,85.8
2018,sete_lagoas,Central,952.5,27.17252747252747,18.90934065934066,786.2,37,17,85.8
2018,uberaba,Triangulo,885.3,28.957142857142856,20.29230769230769,818.39,36,17,85.8
2018,uberlandia,Triangulo,841.7,27.92252747252747,19.52252747252747,807.66,43,17,85.8
2018,vicosa,Zona da Mata,914.6,27.313736263736267,19.152747252747254,736.35,34,17,85.8
2019,alfenas,Sul de Minas,931.9,27.349999999999998,19.452747252747255,741.5,22,18,92.7
2019,araxa,Triangulo,989.8,27.43736263736264,18.69945054945055,752.44,23,18,92.7
2019,brasilania_minas,Noroeste,847.1,30.762637362637363,21.60934065934066,867.29,65,18,92.7
2019,carmo_paranaiba,Alto Paranaiba,1053.6,27.459890109890107,18.96043956043956,757.69,17,18,92.7
2019,ituiutaba,Triangulo,962.7,30.00989010989011,21.493956043956043,832.09,37,18,92.7
2019,joao_pinheiro,Noroeste,772.2,29.18736263736264,20.91868131868132,863.45,45,18,92.7
2019,lavras,Sul de Minas,902.6,26.7478021978022,17.681318681318682,740.2,23,18,92.7
2019,muriae,Zona da Mata,867.5,31.34065934065934,21.13021978021978,810.03,51,18,92.7
2019,para_de_minas,Central,845.1,27.49010989010989,19.18021978021978,803.08,33,18,92.7
2019,paracatu,Noroeste,996.2,29.336263736263735,20.584615384615386,819.23,42,18,92.7
2019,passos,Sul de Minas,1012.6,27.995604395604396,19.546703296703296,775.03,28,18,92.7
2019,patos_de_minas,Alto Paranaiba,883.1,27.882417582417585,19.162637362637362,772.85,34,18,92.7
2019,pocos_de_caldas,Sul de Minas,1032.1,24.631318681318678,16.562087912087915,682.04,11,18,92.7
2019,pompeu,Central,798.6,29.39120879120879,20.397252747252747,830.15,58,18,92.7
2019,presidente_olegario,Alto Paranaiba,925.8,27.424725274725276,19.31758241758242,773.88,32,18,92.7
2019,rio_paranaiba,Alto Paranaiba,1067.6,27.353296703296703,18.645054945054945,748.58,21,18,92.7
2019,sete_lagoas,Central,768.7,27.63021978021978,19.073076923076925,810.37,41,18,92.7
2019,uberaba,Triangulo,1073.7,28.91428571428571,20.346153846153847,801.88,26,18,92.7
2019,uberlandia,Triangulo,901.5,28.332417582417584,19.787912087912087,800.69,25,18,92.7
2019,vicosa,Zona da Mata,841.1,27.444505494505492,19.232417582417582,771.46,32,18,92.7
2020,alfenas,Sul de Minas,891.6,27.476502732240437,19.52185792349727,752.7,38,19,95.4
2020,araxa,Triangulo,1213.0,27.488524590163934,18.73333333333333,746.49,21,19,95.4
2020,brasilania_minas,Noroeste,919.7,31.043169398907104,21.9672131147541,888.93,67,19,95.4
2020,carmo_paranaiba,Alto Paranaiba,1273.7,27.547540983606556,19.126229508196722,755.54,19,19,95.4
2020,ituiutaba,Triangulo,972.0,30.52295081967213,21.746448087431695,850.38,31,19,95.4
2020,joao_pinheiro,Noroeste,1013.0,29.322950819672133,21.039890710382515,875.19,37,19,95.4
2020,lavras,Sul de Minas,1259.9,26.695081967213113,17.7103825136612,734.94,29,19,95.4
2020,muriae,Zona da Mata,1078.4,30.08142076502732,20.728415300546448,747.27,39,19,95.4
2020,para_de_minas,Central,1234.8,27.711475409836066,19.20983606557377,795.47,24,19,95.4
2020,paracatu,Noroeste,1205.9,29.52185792349727,20.79617486338798,838.8,43,19,95.4
2020,passos,Sul de Minas,1052.4,28.334426229508196,19.682513661202186,795.14,33,19,95.4
2020,patos_de_minas,Alto Paranaiba,1068.2,28.229508196721312,19.401639344262296,775.1,26,19,95.4
2020,pocos_de_caldas,Sul de Minas,908.4,24.7448087431694,16.367213114754097,698.64,26,19,95.4
2020,pompeu,Central,1240.6,29.586338797814207,20.64426229508197,828.53,29,19,95.4
2020,presidente_olegario,Alto Paranaiba,1213.5,27.843715846994535,19.48688524590164,780.28,25,19,95.4
2020,rio_paranaiba,Alto Paranaiba,1287.2,27.467759562841533,18.808196721311475,747.47,21,19,95.4
2020,sete_lagoas,Central,1306.3,27.625136612021855,19.12568306010929,789.74,32,19,95.4
2020,uberaba,Triangulo,1238.5,28.885245901639344,20.41639344262295,793.62,26,19,95.4
2020,uberlandia,Triangulo,1153.2,28.295081967213115,19.90983606557377,779.58,22,19,95.4
2020,vicosa,Zona da Mata,1126.9,27.112021857923498,18.98032786885246,715.37,32,19,95.4
2021,alfenas,Sul de Minas,795.2,27.78516483516483,19.403846153846153,793.64,32,20,89.6
2021,araxa,Triangulo,1013.5,27.769780219780223,18.498351648351647,793.26,37,20,89.6
2021,brasilania_minas,Noroeste,768.2,30.428571428571427,21.054395604395605,871.29,72,20,89.6
2021,carmo_paranaiba,Alto Paranaiba,973.5,27.667582417582416,18.77802197802198,792.91,36,20,89.6
2021,ituiutaba,Triangulo,549.3,31.3467032967033,21.65164835164835,938.01,49,20,89.6
2021,joao_pinheiro,Noroeste,1003.1,28.723076923076924,20.347252747252746,871.63,45,20,89.6
2021,lavras,Sul de Minas,877.9,27.21043956043956,17.568681318681318,775.29,32,20,89.6
2021,muriae,Zona da Mata,1078.5,30.152747252747254,20.543406593406594,783.42,49,20,89.6
2021,para_de_minas,Central,996.3,27.382417582417585,18.83186813186813,820.27,41,20,89.6
2021,paracatu,Noroeste,1074.5,29.275824175824173,20.322527472527472,848.94,45,20,89.6
2021,passos,Sul de Minas,837.6,28.7,19.43021978021978,839.45,39,20,89.6
2021,patos_de_minas,Alto Paranaiba,939.4,28.124725274725275,18.976373626373626,806.8100000000001,33,20,89.6
2021,pocos_de_caldas,Sul de Minas,889.3,25.196703296703298,16.25714285714286,735.89,24,20,89.6
2021,pompeu,Central,967.7,29.1521978021978,20.023626373626374,851.56,44,20,89.6
2021,presidente_olegario,Alto Paranaiba,992.3,27.505494505494507,19.006043956043957,799.3,38,20,89.6
2021,rio_paranaiba,Alto Paranaiba,1036.1,27.603846153846153,18.453296703296704,782.1,34,20,89.6
2021,sete_lagoas,Central,1001.3,27.49285714285714,18.655494505494506,814.82,44,20,89.6
2021,uberaba,Triangulo,870.3000000000001,29.20054945054945,19.987362637362637,850.41,35,20,89.6
2021,uberlandia,Triangulo,806.2,28.958791208791208,19.6510989010989,862.24,39,20,89.6
2021,vicosa,Zona da Mata,1023.8,27.06153846153846,18.903296703296704,757.27,44,20,89.6
2022,alfenas,Sul de Minas,1158.6,26.9978021978022,18.815934065934066,766.84,28,21,97.8
2022,araxa,Triangulo,1329.4,27.267582417582418,18.094505494505494,755.64,21,21,97.8
2022,brasilania_minas,Noroeste,1390.4,29.71758241758242,20.717582417582417,817.53,42,21,97.8
2022,carmo_paranaiba,Alto Paranaiba,1656.6,27.166483516483517,18.31758241758242,750.1,25,21,97.8
2022,ituiutaba,Triangulo,851.1,30.49285714285714,20.97747252747253,857.34,37,21,97.8
2022,joao_pinheiro,Noroeste,1589.1,28.0543956043956,19.84120879120879,804.5,31,21,97.8
2022,lavras,Sul de Minas,1329.2,26.265384615384615,17.023626373626374,741.2,30,21,97.8
2022,muriae,Zona da Mata,1336.9,29.541208791208792,19.924725274725276,757.66,56,21,97.8
2022,para_de_minas,Central,1641.7,26.88021978021978,18.35879120879121,786.65,22,21,97.8
2022,paracatu,Noroeste,1717.7,28.85054945054945,19.947252747252747,795.66,35,21,97.8
2022,passos,Sul de Minas,1275.4,27.635714285714286,18.8521978021978,792.12,37,21,97.8
2022,patos_de_minas,Alto Paranaiba,1540.9,27.45274725274725,18.594505494505494,751.46,25,21,97.8
2022,pocos_de_caldas,Sul de Minas,1037.5,24.464285714285715,15.722527472527473,707.15,15,21,97.8
2022,pompeu,Central,1526.1,28.59285714285714,19.607142857142858,811.03,36,21,97.8
2022,presidente_olegario,Alto Paranaiba,1627.1,27.025274725274727,18.55989010989011,748.07,22,21,97.8
2022,rio_paranaiba,Alto Paranaiba,1571.2,27.017032967032968,18.03901098901099,745.24,25,21,97.8
2022,sete_lagoas,Central,1501.4,26.83131868131868,18.25714285714286,781.23,31,21,97.8
2022,uberaba,Triangulo,1183.7,28.9021978021978,19.73021978021978,808.0,28,21,97.8
2022,uberlandia,Triangulo,978.3,28.33956043956044,19.12967032967033,817.12,24,21,97.8
2022,vicosa,Zona da Mata,1390.2,26.197802197802197,18.214835164835165,701.02,21,21,97.8
2023,alfenas,Sul de Minas,1005.9,26.794505494505497,18.5010989010989,752.73,20,22,93.2
2023,araxa,Triangulo,987.2,27.114285714285714,17.717582417582417,777.02,23,22,93.2
2023,brasilania_minas,Noroeste,922.0,30.27912087912088,20.61098901098901,883.42,54,22,93.2
2023,carmo_paranaiba,Alto Paranaiba,1031.9,27.095604395604393,18.055494505494504,774.95,21,22,93.2
2023,ituiutaba,Triangulo,821.6,29.864285714285714,20.459340659340658,852.0,37,22,93.2
2023,joao_pinheiro,Noroeste,1081.2,28.356593406593404,19.726373626373626,847.06,32,22,93.2
2023,lavras,Sul de Minas,1181.1,26.286813186813188,17.01098901098901,742.18,20,22,93.2
2023,muriae,Zona da Mata,1258.6,30.1510989010989,20.36978021978022,790.38,43,22,93.2
2023,para_de_minas,Central,1149.4,27.25,18.305494505494504,816.1,28,22,93.2
2023,paracatu,Noroeste,1278.0,29.150000000000002,19.58186813186813,828.67,35,22,93.2
2023,passos,Sul de Minas,1013.1,27.586263736263735,18.63736263736264,798.89,25,22,93.2
2023,patos_de_minas,Alto Paranaiba,984.3,27.565384615384612,18.25934065934066,783.67,29,22,93.2
2023,pocos_de_caldas,Sul de Minas,970.4,24.12197802197802,15.309340659340661,698.77,15,22,93.2
2023,pompeu,Central,1078.7,28.99175824175824,19.439560439560438,846.0600000000001,42,22,93.2
2023,presidente_olegario,Alto Paranaiba,1034.6,27.085164835164836,18.285164835164835,779.62,26,22,93.2
2023,rio_paranaiba,Alto Paranaiba,1020.5,27.023626373626374,17.801098901098904,769.0,24,22,93.2
2023,sete_lagoas,Central,1200.1,27.354395604395606,18.181318681318682,817.79,31,22,93.2
2023,uberaba,Triangulo,1169.1,28.5,19.338461538461537,790.85,23,22,93.2
2023,uberlandia,Triangulo,1023.9,28.09010989010989,18.806593406593407,826.83,33,22,93.2
2023,vicosa,Zona da Mata,1210.3,26.83021978021978,18.365384615384617,747.6800000000001,29,22,93.2
2024,alfenas,Sul de Minas,886.1,29.011475409836066,19.898360655737704,855.49,36,23,99.1
2024,araxa,Triangulo,885.7,28.97486338797814,19.237704918032787,833.14,29,23,99.1
2024,brasilania_minas,Noroeste,784.5,32.21693989071038,22.295628415300545,956.11,74,23,99.1
2024,carmo_paranaiba,Alto Paranaiba,931.7,28.723497267759562,19.479234972677595,823.72,30,23,99.1
2024,ituiutaba,Triangulo,731.3,32.391256830601094,22.416939890710385,958.15,38,23,99.1
2024,joao_pinheiro,Noroeste,937.6,30.665573770491804,21.415300546448087,943.8,41,23,99.1
2024,lavras,Sul de Minas,852.5,28.29453551912568,18.437158469945356,838.74,37,23,99.1
2024,muriae,Zona da Mata,1077.5,31.28688524590164,21.498907103825136,814.78,52,23,99.1
2024,para_de_minas,Central,914.7,28.83224043715847,19.730054644808742,863.28,34,23,99.1
2024,paracatu,Noroeste,993.3,31.019672131147544,21.398907103825138,913.07,47,23,99.1
2024,passos,Sul de Minas,742.9,29.732786885245904,19.998360655737702,887.9,39,23,99.1
2024,patos_de_minas,Alto Paranaiba,858.7,29.421311475409837,19.6448087431694,840.59,35,23,99.1
2024,pocos_de_caldas,Sul de Minas,812.6,26.846994535519126,17.224043715846996,807.22,24,23,99.1
2024,pompeu,Central,844.3,30.85409836065574,20.969398907103827,910.32,47,23,99.1
2024,presidente_olegario,Alto Paranaiba,939.3,28.806010928961747,19.7103825136612,836.89,38,23,99.1
2024,rio_paranaiba,Alto Paranaiba,915.7,28.702185792349727,19.13551912568306,813.08,30,23,99.1
2024,sete_lagoas,Central,916.5,28.84262295081967,19.675409836065572,871.19,40,23,99.1
2024,uberaba,Triangulo,1024.6,30.536612021857923,20.905464480874315,889.71,32,23,99.1
2024,uberlandia,Triangulo,788.4,30.22459016393443,20.6103825136612,900.59,35,23,99.1
2024,vicosa,Zona da Mata,1221.8,28.073224043715847,19.681420765027323,793.72,37,23,99.1
